[
   {
            "id": "a085i00000HLgUOAA1",
            "planName": "Investment Account",
            "recordTypeName": "Investment Account",
            "product": "Lifetime ISA – Stocks and Shares",
            "primaryOwnerName": "Rachel Adams",
            "primaryOwnerId": "0015i00000nflgqAAA",
            "jointOwnerName": "",
            "jointOwnerId": "",
            "balanceAmount": "895000.0",
            "currentValue": "900000.0",
            "totalInvestment": "995000.0",
            "netChange": "100000.0",
            "totalWithdrawn": "100000.0",
            "rebalanceFrequency": "",
            "accuralFrequency": "",
            "lastUpdated": "2023-06-21T11:01:08.000Z",
            "accountValuationCurrency": "INR",
            "preferredCurrency": "INR"
        },
        {
            "id": "a085i00000HLgURAA1",
            "planName": "Mutual Fund Investment",
            "recordTypeName": "Investment Account",
            "product": "Portfolio Bond",
            "primaryOwnerName": "Rachel Adams",
            "primaryOwnerId": "0015i00000nflgqAAA",
            "jointOwnerName": "Neil Symonds (Sample)",
            "jointOwnerId": "0015i00000nflgnAAA",
            "balanceAmount": "142000.0",
            "currentValue": "",
            "totalInvestment": "",
            "netChange": "",
            "totalWithdrawn": "",
            "rebalanceFrequency": "",
            "accuralFrequency": "",
            "lastUpdated": "2023-06-15T10:49:16.000Z",
            "accountValuationCurrency": "INR",
            "preferredCurrency": "INR"
        },
        {
            "id": "a085i00000I0YPQAA3",
            "planName": "Jewlery",
            "recordTypeName": "Investment Account",
            "product": "",
            "primaryOwnerName": "Rachel Adams",
            "primaryOwnerId": "0015i00000nflgqAAA",
            "jointOwnerName": "",
            "jointOwnerId": "",
            "balanceAmount": "115000.0",
            "currentValue": "115000.0",
            "totalInvestment": "100000.0",
            "netChange": "15000.0",
            "totalWithdrawn": "0.0",
            "rebalanceFrequency": "",
            "accuralFrequency": "Daily",
            "lastUpdated": "2023-06-22T17:28:10.000Z",
            "accountValuationCurrency": "INR",
            "preferredCurrency": "INR"
        },
        {
            "id": "a085i00000HLgUKAA1",
            "planName": "Bank of BAS Checking Account",
            "recordTypeName": "Bank Account",
            "product": "Banking",
            "primaryOwnerName": "Rachel Adams",
            "primaryOwnerId": "0015i00000nflgqAAA",
            "jointOwnerName": "",
            "jointOwnerId": "",
            "balanceAmount": "100001.0",
            "currentValue": "",
            "totalInvestment": "",
            "netChange": "",
            "totalWithdrawn": "",
            "rebalanceFrequency": "",
            "accuralFrequency": "",
            "lastUpdated": "2023-06-22T12:19:40.000Z",
            "accountValuationCurrency": "INR",
            "preferredCurrency": "INR"
        },
        {
            "id": "a085i00000HLgUZAA1",
            "planName": "Primary Checking Account",
            "recordTypeName": "Bank Account",
            "product": "",
            "primaryOwnerName": "Scott Adams",
            "primaryOwnerId": "0015i00000nflgpAAA",
            "jointOwnerName": "Rachel Adams",
            "jointOwnerId": "0015i00000nflgqAAA",
            "balanceAmount": "10000.0",
            "currentValue": "",
            "totalInvestment": "",
            "netChange": "",
            "totalWithdrawn": "",
            "rebalanceFrequency": "",
            "accuralFrequency": "",
            "lastUpdated": "2023-06-13T13:06:57.000Z",
            "accountValuationCurrency": "INR",
            "preferredCurrency": "INR"
        },
        {
            "id": "a085i00000HLgUNAA1",
            "planName": "Super Savers",
            "recordTypeName": "Savings Account",
            "product": "",
            "primaryOwnerName": "Rachel Adams",
            "primaryOwnerId": "0015i00000nflgqAAA",
            "jointOwnerName": "",
            "jointOwnerId": "",
            "balanceAmount": "2600000.0",
            "currentValue": "",
            "totalInvestment": "",
            "netChange": "",
            "totalWithdrawn": "",
            "rebalanceFrequency": "",
            "accuralFrequency": "",
            "lastUpdated": "2023-06-19T13:31:44.000Z",
             "accountValuationCurrency": "INR",
            "preferredCurrency": "INR"
        },
        {
            "id": "a085i00000HLgUTAA1",
            "planName": "Savings Account",
            "recordTypeName": "Savings Account",
            "product": "",
            "primaryOwnerName": "Rachel Adams",
            "primaryOwnerId": "0015i00000nflgqAAA",
            "jointOwnerName": "",
            "jointOwnerId": "",
            "balanceAmount": "5570.0",
            "currentValue": "",
            "totalInvestment": "",
            "netChange": "",
            "totalWithdrawn": "",
            "rebalanceFrequency": "",
            "accuralFrequency": "",
            "lastUpdated": "2023-06-19T13:32:34.000Z" ,
            "accountValuationCurrency": "INR",
            "preferredCurrency": "INR"
        },
        {
            "id": "a085i00000HLgUUAA1",
            "planName": "Checking Account",
            "recordTypeName": "Checking Account",
            "product": "",
            "primaryOwnerName": "Rachel Adams",
            "primaryOwnerId": "0015i00000nflgqAAA",
            "jointOwnerName": "",
            "jointOwnerId": "",
            "balanceAmount": "7106.57",
            "currentValue": "",
            "totalInvestment": "",
            "netChange": "",
            "totalWithdrawn": "",
            "rebalanceFrequency": "",
            "accuralFrequency": "",
            "lastUpdated": "2023-06-19T13:32:45.000Z",
            "accountValuationCurrency": "INR",
            "preferredCurrency": "INR"
        }
    ]
