{
    "clientSummary": {
        "name": "Rachel Adams",
        "phone": "(500) 145-0557",
        "valuationDate": "2023-07-13",
        "currentValue": "2910000",
        "encashmentValue": "330000",
        "plans": {
            "investment": {
                "salesforceClientId": "0015i00000nflgqAAA",
                "currentvalueSummary": "2700000.00",
                "encashmentvalueSummary": "110000.00",
                "account": [
                    {
                        "accountId": 3000,
                        "clientId": 1,
                        "planName": "LSA895",
                        "accountType": "Investment",
                        "currentValue": "900000.00",
                        "encashmentValue": "0",
                        "netChange": "200000.00"
                    },
                    {
                        "accountId": 3001,
                        "clientId": 1,
                        "planName": "JEW097",
                        "accountType": "Investment",
                        "currentValue": "900000.00",
                        "encashmentValue": "110000.00",
                        "netChange": "350,000.00"
                    },
                    {
                        "accountId": 3002,
                        "clientId": 1,
                        "planName": "PB087",
                        "accountType": "Investment",
                        "currentValue": "900000.00",
                        "encashmentValue": "0",
                        "netChange": "150000.00"
                    }
                ]
            },
            "protection": {
                "salesforceClientId": "0015i00000nflgqAAA",
                "currentvalueSummary": "0",
                "encashmentvalueSummary": "2000000.00",
                "account": [
                    {
                        "accountId": 3004,
                        "clientId": 1,
                        "planName": "GRS127",
                        "accountType": "Protection",
                        "premium": "3000",
                        "insuredAmount": "2000000.00"
                    }
                ]
            },
            "banking": {
                "salesforceClientId": "0015i00000nflgqAAA",
                "currentvalueSummary": "210000.00",
                "encashmentvalueSummary": "0",
                "account": [
                    {
                        "accountId": 3003,
                        "clientId": 1,
                        "planName": "BANK123",
                        "accountType": "Banking",
                        "cashBalance": "210000.00"
                    }
                ]
            }
        }
    }
}