{
    "clientProfile": {
        "personalDetails": {
            "id": "0015i00000nflgqAAA",
            "firstName": "Rachel",
            "lastName": "Adams",
            "name": "Rachel Adams",
            "phone": "(500) 145-0557",
            "homePhone": "5009798658",
            "personMobilePhone": "5001450558",
            "personEmail": "rachel@acmecorp.com",
            "birthDate": "1972-06-10",
            "maritalStatus": "Married",
            "languagesSpoken": "English, Arabic, Spanish, French",
            "weddingAnniversary": "1994-04-23",
            "contactId": "0035i00002LyxNhAAJ",
            "ssnLastFourDigit": "0606",
            "primaryCitizenship": "United States",
            "secondaryCitizenship": "Andorra",
            "personalInterests": "Cooking;Wine",
            "contactPreference": "Mobile",
            "customerTimezone": "America/Los_Angeles",
            "currentEmployer": "ACME Inc",
            "clientCategory": "Platinum"
        },
        "addresses": {
            "mailingAddress": "170 Post Street<br>San Francisco, CA 94108<br>United States",
            "billingAddress": {
                "country": "United States",
                "city": "San Francisco",
                "street": "1155 Market Street",
                "postalCode": "94103",
                "state": "CA"
            },
            "shippingAddress": {
                "country": "United States",
                "city": "San Francisco",
                "street": "552 Grant Avenue",
                "postalCode": "94108",
                "state": "CA"
            },
            "personOtherPostalCode": "94104"
        }
    },
    "financialData": [
        {
            "id": "a085i00000HLgUKAA1",
            "name": "Bank of BAS Checking Account",
            "recordTypeName": "Bank Account",
            "ownership": "Individual",
            "status": "Open",
            "primaryOwnerId": "0015i00000nflgqAAA",
            "primaryOwnerName": "Rachel Adams",
            "productType": "01t5i000008M10jAAC",
            "totalInvestment": "4300000.0",
            "minimumBalance": "0.0",
            "balance": "100001.0",
            "taxStatus": "Nonqualified",
            "openDate": "2021-05-22",
            "createdDate": "2023-06-13T13:06:57.000Z",
            "lastUpdated": "2023-08-16",
            "financialRole": {
                "id": "a075i00000CUgoXAAT",
                "roleNumber": "FAR-000000001",
                "roleType": "Primary Owner",
                "roleStatus": "true",
                "relatedAccount": "0015i00000nflgqAAA",
                "relatedAccountName": "Rachel Adams",
                "financialAccount": "a085i00000HLgUKAA1",
                "startDate": "2023-08-16",
                "createdDate": "2023-06-13T13:06:57.000Z",
                "lastModifiedDate": "2023-06-13T13:06:57.000Z"
            }
        },
        {
            "id": "a085i00000HLgULAA1",
            "name": "Townhome Loan (Sample)",
            "recordTypeName": "Mortgage",
            "ownership": "Individual",
            "financialAccountNumber": "23232323",
            "status": "Open",
            "primaryOwnerId": "0015i00000nflgqAAA",
            "primaryOwnerName": "Rachel Adams",
            "minimumBalance": "0.0",
            "balance": "25080.0",
            "balanceLastStatement": "0.0",
            "openDate": "2004-12-17",
            "createdDate": "2023-06-13T13:06:57.000Z",
            "financialRole": {
                "id": "a075i00000CUgomAAD",
                "roleNumber": "FAR-000000018",
                "roleType": "Primary Owner",
                "roleStatus": "true",
                "relatedAccount": "0015i00000nflgqAAA",
                "relatedAccountName": "Rachel Adams",
                "financialAccount": "a085i00000HLgULAA1",
                "startDate": "2023-12-22",
                "createdDate": "2023-06-13T13:06:57.000Z",
                "lastModifiedDate": "2023-06-13T13:06:57.000Z"
            }
        },
        {
            "id": "a085i00000HLgUMAA1",
            "name": "Life Insurance $2M",
            "recordTypeName": "Insurance Policy",
            "ownership": "Individual",
            "status": "Open",
            "primaryOwnerId": "0015i00000nflgqAAA",
            "primaryOwnerName": "Rachel Adams",
            "productType": "01t5i000008LtLSAA0",
            "insuredAmount": "2000000.0",
            "minimumBalance": "0.0",
            "createdDate": "2023-06-13T13:06:57.000Z",
            "financialRole": {
                "id": "a075i00000CUgoYAAT",
                "roleNumber": "FAR-000000004",
                "roleType": "Primary Owner",
                "roleStatus": "true",
                "relatedAccount": "0015i00000nflgqAAA",
                "relatedAccountName": "Rachel Adams",
                "financialAccount": "a085i00000HLgUMAA1",
                "startDate": "2023-08-16",
                "createdDate": "2023-06-13T13:06:57.000Z",
                "lastModifiedDate": "2023-06-13T13:06:57.000Z"
            }
        },
        {
            "id": "a085i00000HLgUNAA1",
            "name": "Super Savers",
            "recordTypeName": "Savings Account",
            "status": "Open",
            "primaryOwnerId": "0015i00000nflgqAAA",
            "primaryOwnerName": "Rachel Adams",
            "minimumBalance": "0.0",
            "balance": "2600000.0",
            "balanceLastStatement": "0.0",
            "createdDate": "2023-06-13T13:06:57.000Z",
            "financialRole": {
                "id": "a075i00000CUgopAAD",
                "roleNumber": "FAR-000000021",
                "roleType": "Primary Owner",
                "roleStatus": "true",
                "relatedAccount": "0015i00000nflgqAAA",
                "relatedAccountName": "Rachel Adams",
                "financialAccount": "a085i00000HLgUNAA1",
                "startDate": "2024-12-14",
                "createdDate": "2023-06-13T13:06:57.000Z",
                "lastModifiedDate": "2023-06-13T13:06:57.000Z"
            }
        },
        {
            "id": "a085i00000HLgUOAA1",
            "name": "Investment Account",
            "recordTypeName": "Investment Account",
            "ownership": "Individual",
            "status": "Open",
            "primaryOwnerId": "0015i00000nflgqAAA",
            "primaryOwnerName": "Rachel Adams",
            "productType": "01t5i000008LtLXAA0",
            "totalInvestment": "995000.0",
            "totalWithdrawn": "100000.0",
            "minimumBalance": "0.0",
            "balance": "895000.0",
            "taxStatus": "Nonqualified",
            "preferred_Currency": "GBP",
            "currentValue": "900000.0",
            "netChange": "100000.0",
            "openDate": "2017-08-09",
            "createdDate": "2023-06-13T13:06:57.000Z",
            "financialRole": {
                "id": "a075i00000CUgoWAAT",
                "roleNumber": "FAR-000000000",
                "roleType": "Primary Owner",
                "roleStatus": "true",
                "relatedAccount": "0015i00000nflgqAAA",
                "relatedAccountName": "Rachel Adams",
                "financialAccount": "a085i00000HLgUOAA1",
                "startDate": "2023-08-16",
                "createdDate": "2023-06-13T13:06:57.000Z",
                "lastModifiedDate": "2023-06-13T13:06:57.000Z"
            }
        },
        {
            "id": "a085i00000HLgURAA1",
            "name": "Mutual Fund Investment",
            "recordTypeName": "Investment Account",
            "ownership": "Joint",
            "status": "Open",
            "primaryOwnerId": "0015i00000nflgqAAA",
            "primaryOwnerName": "Rachel Adams",
            "jointOwnerId": "0015i00000nflgnAAA",
            "jointOwnerName": "Neil Symonds (Sample)",
            "productType": "01t5i000008LtLdAAK",
            "minimumBalance": "0.0",
            "balance": "142000.0",
            "taxStatus": "Nonqualified",
            "preferred_Currency": "GBP",
            "openDate": "2019-03-24",
            "createdDate": "2023-06-13T13:06:57.000Z",
            "financialRole": {
                "id": "a075i00000CUgobAAD",
                "roleNumber": "FAR-000000007",
                "roleType": "Primary Owner",
                "roleStatus": "true",
                "relatedAccount": "0015i00000nflgqAAA",
                "relatedAccountName": "Rachel Adams",
                "financialAccount": "a085i00000HLgURAA1",
                "startDate": "2023-06-06",
                "createdDate": "2023-06-13T13:06:57.000Z",
                "lastModifiedDate": "2023-06-13T13:06:57.000Z"
            }
        },
        {
            "id": "a085i00000HLgUTAA1",
            "name": "Savings Account",
            "recordTypeName": "Savings Account",
            "ownership": "Individual",
            "primaryOwnerId": "0015i00000nflgqAAA",
            "primaryOwnerName": "Rachel Adams",
            "minimumBalance": "0.0",
            "balance": "5570.0",
            "balanceLastStatement": "0.0",
            "openDate": "2014-12-09",
            "createdDate": "2023-06-13T13:06:57.000Z",
            "financialRole": {
                "id": "a075i00000CUgofAAD",
                "roleNumber": "FAR-000000011",
                "roleType": "Primary Owner",
                "roleStatus": "true",
                "relatedAccount": "0015i00000nflgqAAA",
                "relatedAccountName": "Rachel Adams",
                "financialAccount": "a085i00000HLgUTAA1",
                "startDate": "2023-12-22",
                "createdDate": "2023-06-13T13:06:57.000Z",
                "lastModifiedDate": "2023-06-13T13:06:57.000Z"
            }
        },
        {
            "id": "a085i00000HLgUUAA1",
            "name": "Checking Account",
            "recordTypeName": "Checking Account",
            "ownership": "Individual",
            "status": "Open",
            "primaryOwnerId": "0015i00000nflgqAAA",
            "primaryOwnerName": "Rachel Adams",
            "minimumBalance": "0.0",
            "balance": "7106.57",
            "balanceLastStatement": "0.0",
            "openDate": "2006-02-20",
            "createdDate": "2023-06-13T13:06:57.000Z",
            "financialRole": {
                "id": "a075i00000CUgogAAD",
                "roleNumber": "FAR-000000012",
                "roleType": "Primary Owner",
                "roleStatus": "true",
                "relatedAccount": "0015i00000nflgqAAA",
                "relatedAccountName": "Rachel Adams",
                "financialAccount": "a085i00000HLgUUAA1",
                "startDate": "2023-12-22",
                "createdDate": "2023-06-13T13:06:57.000Z",
                "lastModifiedDate": "2023-06-13T13:06:57.000Z"
            }
        },
        {
            "id": "a085i00000HLgUVAA1",
            "name": "Credit Card (Sample)",
            "recordTypeName": "Credit Card",
            "ownership": "Individual",
            "status": "Open",
            "primaryOwnerId": "0015i00000nflgqAAA",
            "primaryOwnerName": "Rachel Adams",
            "minimumBalance": "0.0",
            "balance": "3200.0",
            "balanceLastStatement": "3550.0",
            "openDate": "2018-03-20",
            "createdDate": "2023-06-13T13:06:57.000Z",
            "financialRole": {
                "id": "a075i00000CUgohAAD",
                "roleNumber": "FAR-000000013",
                "roleType": "Primary Owner",
                "roleStatus": "true",
                "relatedAccount": "0015i00000nflgqAAA",
                "relatedAccountName": "Rachel Adams",
                "financialAccount": "a085i00000HLgUVAA1",
                "startDate": "2023-12-22",
                "createdDate": "2023-06-13T13:06:57.000Z",
                "lastModifiedDate": "2023-06-13T13:06:57.000Z"
            }
        },
        {
            "id": "a085i00000HLgUWAA1",
            "name": "Personal Loan",
            "recordTypeName": "Loan Account",
            "ownership": "Joint",
            "primaryOwnerId": "0015i00000nflgqAAA",
            "primaryOwnerName": "Rachel Adams",
            "jointOwnerId": "0015i00000nflgoAAA",
            "jointOwnerName": "Nigel Adams (Sample)",
            "minimumBalance": "0.0",
            "balance": "12377.65",
            "balanceLastStatement": "550.0",
            "loanTermMonths": "36.0",
            "openDate": "2021-12-10",
            "createdDate": "2023-06-13T13:06:57.000Z",
            "financialRole": {
                "id": "a075i00000CUgoiAAD",
                "roleNumber": "FAR-000000014",
                "roleType": "Primary Owner",
                "roleStatus": "true",
                "relatedAccount": "0015i00000nflgqAAA",
                "relatedAccountName": "Rachel Adams",
                "financialAccount": "a085i00000HLgUWAA1",
                "startDate": "2023-12-22",
                "createdDate": "2023-06-13T13:06:57.000Z",
                "lastModifiedDate": "2023-06-13T13:06:57.000Z"
            }
        },
        {
            "id": "a085i00000HLgUXAA1",
            "name": "HELOC Account",
            "recordTypeName": "HELOC",
            "ownership": "Joint",
            "primaryOwnerId": "0015i00000nflgqAAA",
            "primaryOwnerName": "Rachel Adams",
            "jointOwnerId": "0015i00000nflgbAAA",
            "jointOwnerName": "Adams Charitable Trust (Sample)",
            "minimumBalance": "0.0",
            "balance": "7100.0",
            "balanceLastStatement": "0.0",
            "openDate": "2017-12-11",
            "createdDate": "2023-06-13T13:06:57.000Z",
            "financialRole": {
                "id": "a075i00000CUgokAAD",
                "roleNumber": "FAR-000000016",
                "roleType": "Primary Owner",
                "roleStatus": "true",
                "relatedAccount": "0015i00000nflgqAAA",
                "relatedAccountName": "Rachel Adams",
                "financialAccount": "a085i00000HLgUXAA1",
                "startDate": "2023-12-22",
                "createdDate": "2023-06-13T13:06:57.000Z",
                "lastModifiedDate": "2023-06-13T13:06:57.000Z"
            }
        },
        {
            "id": "a085i00000HLgUYAA1",
            "name": "New Car Loan",
            "recordTypeName": "Auto Loan",
            "ownership": "Individual",
            "status": "Open",
            "primaryOwnerId": "0015i00000nflgqAAA",
            "primaryOwnerName": "Rachel Adams",
            "minimumBalance": "0.0",
            "balance": "6476.99",
            "balanceLastStatement": "0.0",
            "openDate": "2019-05-12",
            "createdDate": "2023-06-13T13:06:57.000Z",
            "financialRole": {
                "id": "a075i00000CUgonAAD",
                "roleNumber": "FAR-000000019",
                "roleType": "Primary Owner",
                "roleStatus": "true",
                "relatedAccount": "0015i00000nflgqAAA",
                "relatedAccountName": "Rachel Adams",
                "financialAccount": "a085i00000HLgUYAA1",
                "startDate": "2023-12-22",
                "createdDate": "2023-06-13T13:06:57.000Z",
                "lastModifiedDate": "2023-06-13T13:06:57.000Z"
            }
        },
        {
            "id": "a085i00000HLgUZAA1",
            "name": "Primary Checking Account",
            "recordTypeName": "Bank Account",
            "ownership": "Joint",
            "primaryOwnerId": "0015i00000nflgpAAA",
            "primaryOwnerName": "Scott Adams",
            "jointOwnerId": "0015i00000nflgqAAA",
            "jointOwnerName": "Rachel Adams",
            "minimumBalance": "0.0",
            "balance": "10000.0",
            "balanceLastStatement": "0.0",
            "createdDate": "2023-06-13T13:06:57.000Z",
            "financialRole": {
                "id": "a075i00000CUgoqAAD",
                "roleNumber": "FAR-000000023",
                "roleType": "Joint Owner",
                "roleStatus": "true",
                "relatedAccount": "0015i00000nflgqAAA",
                "relatedAccountName": "Rachel Adams",
                "financialAccount": "a085i00000HLgUZAA1",
                "startDate": "2023-06-08",
                "createdDate": "2023-06-13T13:06:57.000Z",
                "lastModifiedDate": "2023-06-13T13:06:57.000Z"
            }
        },
        {
            "id": "a085i00000I0YPQAA3",
            "name": "Jewlery",
            "recordTypeName": "Investment Account",
            "ownership": "Individual",
            "status": "Closed",
            "primaryOwnerId": "0015i00000nflgqAAA",
            "primaryOwnerName": "Rachel Adams",
            "totalInvestment": "100000.0",
            "totalWithdrawn": "0.0",
            "minimumBalance": "0.0",
            "balance": "115000.0",
            "cashBalance": "110000.0",
            "balanceLastStatement": "0.0",
            "taxStatus": "Qualified",
            "accrualFrequency": "Daily",
            "currentValue": "115000.0",
            "netChange": "15000.0",
            "openDate": "2022-06-01",
            "createdDate": "2023-06-22T17:28:10.000Z",
            "lastUpdated": "2023-05-31",
            "financialRole": {
                "id": "a075i00000Csg0LAAR",
                "roleNumber": "FAR-000000025",
                "roleType": "Primary Owner",
                "roleStatus": "true",
                "relatedAccount": "0015i00000nflgqAAA",
                "relatedAccountName": "Rachel Adams",
                "financialAccount": "a085i00000I0YPQAA3",
                "startDate": "2023-06-22",
                "createdDate": "2023-06-22T17:28:11.000Z",
                "lastModifiedDate": "2023-06-22T17:28:11.000Z"
            }
        },
        {
            "id": "a085i00000I0Y60AAF",
            "name": "BMW Car Loan",
            "recordTypeName": "Auto Loan",
            "ownership": "Individual",
            "financialAccountNumber": "CAR91234",
            "status": "Open",
            "primaryOwnerId": "0015i00000nflgqAAA",
            "primaryOwnerName": "Rachel Adams",
            "productType": "01t5i000007FNXuAAO",
            "minimumBalance": "0.0",
            "balance": "300000.0",
            "balanceLastStatement": "290000.0",
            "loanAmount": "500000.0",
            "loanEndDate": "2024-06-30",
            "loanTermMonths": "24.0",
            "paymentFrequency": "Monthly",
            "accrualFrequency": "Daily",
            "principalBalance": "250000.0",
            "openDate": "2022-06-01",
            "createdDate": "2023-06-22T17:10:59.000Z",
            "lastUpdated": "2023-05-31",
            "financialRole": {
                "id": "a075i00000Csg06AAB",
                "roleNumber": "FAR-000000024",
                "roleType": "Primary Owner",
                "roleStatus": "true",
                "relatedAccount": "0015i00000nflgqAAA",
                "relatedAccountName": "Rachel Adams",
                "financialAccount": "a085i00000I0Y60AAF",
                "startDate": "2023-06-22",
                "createdDate": "2023-06-22T17:11:02.000Z",
                "lastModifiedDate": "2023-06-22T17:11:02.000Z"
            }
        }
    ],
    "income": [
        {
            "id": "a085i00000HLgUKAA1",
            "planName": "Bank of BAS Checking Account",
            "primaryOwnerName": "Rachel Adams",
            "primaryOwnerId": "0015i00000nflgqAAA",
            "balance": "100001.0"
        },
        {
            "id": "a085i00000HLgUNAA1",
            "planName": "Super Savers",
            "primaryOwnerName": "Rachel Adams",
            "primaryOwnerId": "0015i00000nflgqAAA",
            "balance": "2600000.0"
        },
        {
            "id": "a085i00000HLgUOAA1",
            "planName": "Investment Account",
            "primaryOwnerName": "Rachel Adams",
            "primaryOwnerId": "0015i00000nflgqAAA",
            "balance": "895000.0",
            "currentValue": "900000.0"
        },
        {
            "id": "a085i00000HLgURAA1",
            "planName": "Mutual Fund Investment",
            "primaryOwnerName": "Rachel Adams",
            "primaryOwnerId": "0015i00000nflgqAAA",
            "jointOwnerName": "Neil Symonds (Sample)",
            "jointOwnerId": "0015i00000nflgnAAA",
            "balance": "142000.0"
        },
        {
            "id": "a085i00000HLgUTAA1",
            "planName": "Savings Account",
            "primaryOwnerName": "Rachel Adams",
            "primaryOwnerId": "0015i00000nflgqAAA",
            "balance": "5570.0"
        },
        {
            "id": "a085i00000HLgUUAA1",
            "planName": "Checking Account",
            "primaryOwnerName": "Rachel Adams",
            "primaryOwnerId": "0015i00000nflgqAAA",
            "balance": "7106.57"
        },
        {
            "id": "a085i00000HLgUZAA1",
            "planName": "Primary Checking Account",
            "primaryOwnerName": "Scott Adams",
            "primaryOwnerId": "0015i00000nflgpAAA",
            "jointOwnerName": "Rachel Adams",
            "jointOwnerId": "0015i00000nflgqAAA",
            "balance": "10000.0"
        },
        {
            "id": "a085i00000I0YPQAA3",
            "planName": "Jewlery",
            "primaryOwnerName": "Rachel Adams",
            "primaryOwnerId": "0015i00000nflgqAAA",
            "balance": "115000.0",
            "currentValue": "115000.0",
            "frequency": "Daily"
        }
    ],
    "assets": [
        {
            "id": "a025i00000Nz6VTAAZ",
            "recordTypeId": "0125i000001pSFpAAM",
            "ownerType": "0015i00000nflgqAAA",
            "ownerId": "0055i00000B0wQSAAZ",
            "assetName": "Adams' House",
            "recordType": "Asset",
            "assetType": "Real Estate",
            "primaryOwner": "Rachel Adams",
            "primaryOwnerId": "0015i00000nflgqAAA",
            "household": "Adams Household",
            "houseHoldId": "0015i00000nflgdAAA",
            "amount": "1000000.0",
            "ownership": "Joint",
            "lastModifieddate": "2023-06-22T17:03:58.000Z",
            "lastreferencedDate": "2023-06-28T13:34:00.000Z",
            "lastViewedDate": "2023-06-28T13:34:00.000Z"
        },
        {
            "id": "a025i00000Pc7UgAAJ",
            "accountId": "a085i00000I0YPQAA3",
            "recordTypeId": "0125i000001pSFpAAM",
            "ownerType": "0015i00000nflgqAAA",
            "ownerId": "0055i00000B0wQSAAZ",
            "assetName": "Rachel_Jewelry",
            "recordType": "Asset",
            "assetType": "Jewelry",
            "primaryOwner": "Rachel Adams",
            "primaryOwnerId": "0015i00000nflgqAAA",
            "household": "Adams Household",
            "houseHoldId": "0015i00000nflgdAAA",
            "amount": "100000.0",
            "ownership": "Individual",
            "lastModifieddate": "2023-06-22T17:28:20.000Z",
            "lastreferencedDate": "2023-06-27T20:46:18.000Z",
            "lastViewedDate": "2023-06-27T20:46:18.000Z",
            "accountStatus": "Closed",
            "minimumBalance": "0.0",
            "balance": "115000.0",
            "cashBalance": "110000.0"
        },
        {
            "id": "a025i00000Pc7UuAAJ",
            "accountId": "a085i00000I0Y60AAF",
            "recordTypeId": "0125i000001pSFpAAM",
            "ownerType": "0015i00000nflgqAAA",
            "ownerId": "0055i00000B0wQSAAZ",
            "assetName": "BMW Car",
            "recordType": "Asset",
            "assetType": "Automobile",
            "primaryOwner": "Rachel Adams",
            "primaryOwnerId": "0015i00000nflgqAAA",
            "household": "Adams Household",
            "houseHoldId": "0015i00000nflgdAAA",
            "amount": "500000.0",
            "ownership": "Individual",
            "lastModifieddate": "2023-06-22T17:29:36.000Z",
            "lastreferencedDate": "2023-06-28T13:34:09.000Z",
            "lastViewedDate": "2023-06-28T13:34:09.000Z",
            "financialAccountNumber": "CAR91234",
            "accountStatus": "Open",
            "minimumBalance": "0.0",
            "balance": "300000.0",
            "loanEndDate": "2024-06-30",
            "productType": "01t5i000007FNXuAAO",
            "loanTerm": "24.0",
            "loanFrequency": "Monthly",
            "loanAmount": "500000.0",
            "principalBalance": "250000.0"
        }
    ],
    "liabilities": [
        {
            "id": "a025i00000Pc7UzAAJ",
            "recordTypeId": "0125i000001pSFoAAM",
            "ownerType": "0015i00000nflgqAAA",
            "ownerId": "0055i00000B0wQSAAZ",
            "liabilityName": "BMW Car Loan",
            "recordType": "Liability",
            "liabilityType": "Auto Loan",
            "primaryOwner": "Rachel Adams",
            "primaryOwnerId": "0015i00000nflgqAAA",
            "household": "Adams Household",
            "houseHoldId": "0015i00000nflgdAAA",
            "amount": "500000.0",
            "ownership": "Individual",
            "lastModifieddate": "2023-06-22T17:30:12.000Z",
            "lastreferencedDate": "2023-06-28T02:17:54.000Z",
            "lastViewedDate": "2023-06-28T02:17:54.000Z",
            "financialAccountNumber": "CAR91234",
            "accountStatus": "Open",
            "minimumBalance": "0.0",
            "balance": "300000.0",
            "loanEndDate": "2024-06-30",
            "productType": "01t5i000007FNXuAAO",
            "loanTerm": "24.0",
            "loanFrequency": "Monthly",
            "loanAmount": "500000.0",
            "principalBalance": "250000.0"
        }
    ]
}